Administrative Conference of the United States,ACUS
Advisory Council on Historic Preservation,ACHP
African Development Foundation,USADF
American Battle Monuments Commission,ABMC
AMTRAK,AMTRAK
Appalachian Regional Commission,APPRC
Appraisal Subcommittee,Appraisal Subcommittee
Architect of the Capitol,Architect of the Capitol
Armed Forces Retirement Home,Armed Forces Retirement Home
Central Intelligence Agency,Central Intelligence Agency
Christopher Columbus Fellowship Foundation,Christopher Columbus Fellowship Foundation
Civil Air Patrol,CAP
Commission of Fine Arts,CFA
Commodity Futures Trading Commission,CFTC
Congressional Office of Compliance,Congressional Office of Compliance
Consumer Financial Protection Bureau,CFPB
Consumer Product Safety Commission,CPSC
Corporation for National and Community Service,CNCS
Council of the Inspectors General on Integrity and Efficiency,CIGIE
Court Services and Offender Supervision,CSOSA
Defense Nuclear Facilities Safety Board,DNFSB
Delta Regional Authority,Delta Regional Authority
Denali Commission,DENALI
Department of Commerce,DOC
Department of Defense,Department of Defense
Department of Education,ED
Department of Energy,DOE
Department of Health and Human Services,HHS
Department of Homeland Security,DHS
Department of Housing And Urban Development,HUD
Department of Justice,DOJ
Department of Labor,DOL
Department of State,DOS
Department of State OIG,DOSOIG
Department of the Interior,DOI
Department of the Treasury,Treasury
Department of Transportation,DOT
Department of Veterans Affairs,VA
Director of National Intelligence,Director of National Intelligence
Environmental Protection Agency,EPA
Equal Employment Opportunity Commission,EEOC
Executive Office of the President,EOP
Export Import Bank of the U.S.,EXIM
Farm Credit Administration,FCA
Federal Communications Commission,FCC
Federal Deposit Insurance Corporation,FDIC
Federal Elections Commission,FEC
Federal Energy Regulatory Commission,FERC
Federal Housing Finance Agency,FHFA
Federal Housing Finance Agency Office of Inspector General,FHFAOIG
Federal Labor Relations Authority,FLRA
Federal Maritime Commission,FMC
Federal Mediation and Conciliation Service,FMCS
Federal Mine Safety and Health Review Commission,FMSHRC
Federal Reserve Board of Governors,FRB
Federal Retirement Thrift Investment Board,FRTIB
Federal Trade Commission,FTC
General Services Administration,GSA
Government Publishing Office,GPO
Gulf Coast Ecosystem Restoration Council,Gulf Coast Ecosystem Restoration Council
Harry S. Truman Scholarship Foundation,HSTSF
Institute of Museum and Library Services,IMLS
Inter-American Foundation,IAF
Broadcasting Board of Governors,BBG
James Madison Memorial Fellowship Foundation,James Madison Memorial Fellowship Foundation
Legal Services Corporation,LSC
Library of Congress,Library of Congress
Marine Mammal Commission,MMC
Medicaid and CHIP Payment and Access Commission,Medicaid and CHIP Payment and Access Commission
Medical Payment Advisory Commission,Medical Payment Advisory Commission
Merit Systems Protection Board,MSPB
Millennium Challenge Corporation,MCC
Morris K. Udall and Stewart L. Udall Foundation,UDALL
National Aeronautics and Space Administration,NASA
National Archives and Records Administration,NARA
National Capital Planning Commission,NCPC
National Council on Disability,NCD
National Credit Union Administration,NCUA
National Endowment for the Arts,NEA
National Endowment for the Humanities,NEH
National Gallery of Art,NGA
National Indian Gaming Commission,NIGC
National Labor Relations Board,NLRB
National Mediation Board,NMB
National Nanotechnology Coordination Office,National Nanotechnology Coordination Office
National Nuclear Security Administration,National Nuclear Security Administration
National Science Foundation,NSF
National Security Agency,National Security Agency
National Transportation Safety Board,NTSB
Networking Information Technology Research and Development,Networking Information Technology Research and Development
Non-Federal Agency,Non Federal Agency
Nuclear Regulatory Commission,NRC
Occupational Safety and Health Review Commission,OSHRC
Office of Government Ethics,OGE
Office of Personnel Management,OPM
Overseas Private Investment Corporation,OPIC
Peace Corps,PC
Pension Benefit Guaranty Corporation,PBGC
Postal Rate Commission,PRC
Railroad Retirement Board,RRB
Securities and Exchange Commission,SEC
Selective Service System,SSS
Small Business Administration,SBA
Smithsonian Institutes,SI
Social Security Administration,SSA
Social Security Advisory Board,SSAB
State Justice Institute (SJI),SJI
Surface Transportation Board,STB
Stennis Center for Public Service,Stennis Center for Public Service
Tennessee Valley Authority,TVA
Department of the Treasury,Treasury
Terrorist Screening Center,Terrorist Screening Center
The Intelligence Community,The Intelligence Community
The Legislative Branch,HOR
The Supreme Court,The Supreme Court
The United States World War One Centennial Commission,The United States World War One Centennial Commission
United States Global Change Research Program,United States Global Change Research Program
United States AbilityOne Commission,ABLTYONE
United States Access Board,USAB
United States African Development Foundation,USADF
United States Holocaust Memorial Museum,USHMM
United States Interagency Council on Homelessness,USICH
United States International Trade Commission,USITC
United States Office of Government Ethics,United States Office of Government Ethics
United States Postal Service,USPS
United States Postal Service Office of Inspector General,USPSOIG
United States Trade and Development Agency,USTDA
U.S. Agency for International Development,USAID
U.S. Capitol Police,U.S. Capitol Police
U.S. Chemical Safety and Hazard Investigation Board,CSHIB
U.S. Commission on Civil Rights,U.S. Commission on Civil Rights
U.S. Courts,U.S. Courts
U.S. Department of Agriculture,USDA
Office of Special Counsel,OSC
