Appraisal Subcommittee,Appraisal Subcommittee
Architect of the Capitol,Architect of the Capitol
Armed Forces Retirement Home,Armed Forces Retirement Home
Central Intelligence Agency,Central Intelligence Agency
Christopher Columbus Fellowship Foundation,Christopher Columbus Fellowship Foundation
Congressional Office of Compliance,Congressional Office of Compliance
Delta Regional Authority,Delta Regional Authority
Department of Defense,Department of Defense
Director of National Intelligence,Director of National Intelligence
Gulf Coast Ecosystem Restoration Council,Gulf Coast Ecosystem Restoration Council
James Madison Memorial Fellowship Foundation,James Madison Memorial Fellowship Foundation
Japan-US Friendship Commision,Japan-US Friendship Commision
Library of Congress,Library of Congress
Medicaid and CHIP Payment and Access Commission,Medicaid and CHIP Payment and Access Commission
Medical Payment Advisory Commission,Medical Payment Advisory Commission
National Nanotechnology Coordination Office,National Nanotechnology Coordination Office
National Nuclear Security Administration,National Nuclear Security Administration
National Security Agency,National Security Agency
Networking Information Technology Research and Development,Networking Information Technology Research and Development
Non-Federal Agency,Non Federal Agency
Special IG for Afghanistan Reconstruction,Special IG for Afghanistan Reconstruction
Stennis Center for Public Service,Stennis Center for Public Service
Terrorist Screening Center,Terrorist Screening Center
The Intelligence Community,The Intelligence Community
The Supreme Court,The Supreme Court
The United States World War One Centennial Commission,The United States World War One Centennial Commission
US Commission for the Preservation of Americas Heritage Abroad,US Commission for the Preservation of Americas Heritage Abroad
United States Global Change Research Program,United States Global Change Research Program
United States Office of Government Ethics,United States Office of Government Ethics
U.S. Capitol Police,U.S. Capitol Police
U.S. Commission on Civil Rights,U.S. Commission on Civil Rights
U.S. Courts,U.S. Courts
